{
  "Working Directory" : "\/Users\/awoods\/Documents\/Screenshots",
  "Prompt Before Closing 2" : false,
  "Selected Text Color" : {
    "Red Component" : 0.99607843160629272,
    "Color Space" : "sRGB",
    "Blue Component" : 0.62745100259780895,
    "Alpha Component" : 1,
    "Green Component" : 0.84401947652008857
  },
  "Rows" : 25,
  "Ansi 11 Color" : {
    "Red Component" : 0.97254901960784312,
    "Color Space" : "sRGB",
    "Blue Component" : 0.4823529411764706,
    "Alpha Component" : 1,
    "Green Component" : 0.95294117647058818
  },
  "Use Italic Font" : true,
  "Foreground Color" : {
    "Red Component" : 0.87843137979999997,
    "Color Space" : "sRGB",
    "Blue Component" : 0.87843137979999997,
    "Alpha Component" : 1,
    "Green Component" : 0.87843137979999997
  },
  "Right Option Key Sends" : 0,
  "Character Encoding" : 4,
  "Selection Color" : {
    "Red Component" : 0.10076458857966474,
    "Color Space" : "sRGB",
    "Blue Component" : 0.17460513114929199,
    "Alpha Component" : 1,
    "Green Component" : 0.079667287751590266
  },
  "Blend" : 0.050000000000000003,
  "Mouse Reporting" : true,
  "Cursor Boost" : 0,
  "Ansi 4 Color" : {
    "Red Component" : 0.32549019607843138,
    "Color Space" : "sRGB",
    "Blue Component" : 0.95686274509803926,
    "Alpha Component" : 1,
    "Green Component" : 0.71372549019607845
  },
  "Non-ASCII Anti Aliased" : true,
  "Sync Title" : false,
  "Disable Window Resizing" : true,
  "Description" : "Default",
  "Close Sessions On End" : true,
  "Jobs to Ignore" : [
    "rlogin",
    "ssh",
    "slogin",
    "telnet"
  ],
  "Scrollback Lines" : 1000,
  "Brighten Bold Text" : true,
  "Flashing Bell" : false,
  "Cursor Guide Color" : {
    "Red Component" : 0.19099329409999999,
    "Color Space" : "sRGB",
    "Blue Component" : 0.96100473399999997,
    "Alpha Component" : 1,
    "Green Component" : 0.66447860000000003
  },
  "BM Growl" : true,
  "Ansi 3 Color" : {
    "Red Component" : 0.99607843137254903,
    "Color Space" : "sRGB",
    "Blue Component" : 0.62745098039215685,
    "Alpha Component" : 1,
    "Green Component" : 0.99215686274509807
  },
  "Use Non-ASCII Font" : false,
  "Link Color" : {
    "Red Component" : 0.24313725529999999,
    "Color Space" : "sRGB",
    "Blue Component" : 0.31372550129999999,
    "Alpha Component" : 1,
    "Green Component" : 0.98431372640000003
  },
  "Shortcut" : "",
  "Background Image Location" : "",
  "Bold Color" : {
    "Red Component" : 0.45098039509999999,
    "Color Space" : "sRGB",
    "Blue Component" : 0.97254902119999997,
    "Alpha Component" : 1,
    "Green Component" : 0.99215686319999996
  },
  "Use Cursor Guide" : false,
  "Unlimited Scrollback" : false,
  "Allow Title Setting" : false,
  "Custom Command" : "No",
  "Title Components" : 4,
  "Keyboard Map" : {
    "0xf700-0x260000" : {
      "Text" : "[1;6A",
      "Action" : 10
    },
    "0x37-0x40000" : {
      "Text" : "0x1f",
      "Action" : 11
    },
    "0x32-0x40000" : {
      "Text" : "0x00",
      "Action" : 11
    },
    "0xf709-0x20000" : {
      "Text" : "[17;2~",
      "Action" : 10
    },
    "0xf70c-0x20000" : {
      "Text" : "[20;2~",
      "Action" : 10
    },
    "0xf729-0x20000" : {
      "Text" : "[1;2H",
      "Action" : 10
    },
    "0xf72b-0x40000" : {
      "Text" : "[1;5F",
      "Action" : 10
    },
    "0xf705-0x20000" : {
      "Text" : "[1;2Q",
      "Action" : 10
    },
    "0xf703-0x260000" : {
      "Text" : "[1;6C",
      "Action" : 10
    },
    "0xf700-0x220000" : {
      "Text" : "[1;2A",
      "Action" : 10
    },
    "0xf701-0x280000" : {
      "Text" : "0x1b 0x1b 0x5b 0x42",
      "Action" : 11
    },
    "0x38-0x40000" : {
      "Text" : "0x7f",
      "Action" : 11
    },
    "0x33-0x40000" : {
      "Text" : "0x1b",
      "Action" : 11
    },
    "0xf703-0x220000" : {
      "Text" : "[1;2C",
      "Action" : 10
    },
    "0xf701-0x240000" : {
      "Text" : "[1;5B",
      "Action" : 10
    },
    "0xf70d-0x20000" : {
      "Text" : "[21;2~",
      "Action" : 10
    },
    "0xf702-0x260000" : {
      "Text" : "[1;6D",
      "Action" : 10
    },
    "0xf729-0x40000" : {
      "Text" : "[1;5H",
      "Action" : 10
    },
    "0xf706-0x20000" : {
      "Text" : "[1;2R",
      "Action" : 10
    },
    "0x34-0x40000" : {
      "Text" : "0x1c",
      "Action" : 11
    },
    "0xf700-0x280000" : {
      "Text" : "0x1b 0x1b 0x5b 0x41",
      "Action" : 11
    },
    "0x2d-0x40000" : {
      "Text" : "0x1f",
      "Action" : 11
    },
    "0xf70e-0x20000" : {
      "Text" : "[23;2~",
      "Action" : 10
    },
    "0xf702-0x220000" : {
      "Text" : "[1;2D",
      "Action" : 10
    },
    "0xf703-0x280000" : {
      "Text" : "0x1b 0x1b 0x5b 0x43",
      "Action" : 11
    },
    "0xf700-0x240000" : {
      "Text" : "[1;5A",
      "Action" : 10
    },
    "0xf707-0x20000" : {
      "Text" : "[1;2S",
      "Action" : 10
    },
    "0xf70a-0x20000" : {
      "Text" : "[18;2~",
      "Action" : 10
    },
    "0x35-0x40000" : {
      "Text" : "0x1d",
      "Action" : 11
    },
    "0xf70f-0x20000" : {
      "Text" : "[24;2~",
      "Action" : 10
    },
    "0xf703-0x240000" : {
      "Text" : "[1;5C",
      "Action" : 10
    },
    "0xf701-0x260000" : {
      "Text" : "[1;6B",
      "Action" : 10
    },
    "0xf702-0x280000" : {
      "Text" : "0x1b 0x1b 0x5b 0x44",
      "Action" : 11
    },
    "0xf72b-0x20000" : {
      "Text" : "[1;2F",
      "Action" : 10
    },
    "0x36-0x40000" : {
      "Text" : "0x1e",
      "Action" : 11
    },
    "0xf708-0x20000" : {
      "Text" : "[15;2~",
      "Action" : 10
    },
    "0xf701-0x220000" : {
      "Text" : "[1;2B",
      "Action" : 10
    },
    "0xf70b-0x20000" : {
      "Text" : "[19;2~",
      "Action" : 10
    },
    "0xf702-0x240000" : {
      "Text" : "[1;5D",
      "Action" : 10
    },
    "0xf704-0x20000" : {
      "Text" : "[1;2P",
      "Action" : 10
    }
  },
  "Ansi 14 Color" : {
    "Red Component" : 0.45098039509999999,
    "Color Space" : "sRGB",
    "Blue Component" : 0.97254902119999997,
    "Alpha Component" : 1,
    "Green Component" : 0.99215686319999996
  },
  "Ansi 2 Color" : {
    "Red Component" : 0.35294117647058826,
    "Color Space" : "sRGB",
    "Blue Component" : 0.6705882352941176,
    "Alpha Component" : 1,
    "Green Component" : 0.99607843137254903
  },
  "Send Code When Idle" : false,
  "ASCII Anti Aliased" : true,
  "Tags" : [

  ],
  "Ansi 9 Color" : {
    "Red Component" : 0.99607843137254903,
    "Color Space" : "sRGB",
    "Blue Component" : 0.51764705882352946,
    "Alpha Component" : 1,
    "Green Component" : 0.50588235294117645
  },
  "Use Bold Font" : true,
  "Silence Bell" : false,
  "Ansi 12 Color" : {
    "Red Component" : 0.19099329382129326,
    "Color Space" : "sRGB",
    "Blue Component" : 0.96100473403930664,
    "Alpha Component" : 1,
    "Green Component" : 0.66447860335583453
  },
  "Window Type" : 0,
  "Use Bright Bold" : true,
  "Has Hotkey" : false,
  "Cursor Text Color" : {
    "Red Component" : 0.1007645875,
    "Color Space" : "sRGB",
    "Blue Component" : 0.17460513110000001,
    "Alpha Component" : 1,
    "Green Component" : 0.079667285079999997
  },
  "Default Bookmark" : "No",
  "Cursor Color" : {
    "Red Component" : 0.49019607900000001,
    "Color Space" : "sRGB",
    "Blue Component" : 0.86666667460000002,
    "Alpha Component" : 1,
    "Green Component" : 0.90196079019999997
  },
  "Ansi 1 Color" : {
    "Red Component" : 0.99607843137254903,
    "Color Space" : "sRGB",
    "Blue Component" : 0.70980392156862748,
    "Alpha Component" : 1,
    "Green Component" : 0.6470588235294118
  },
  "Name" : "Opal Dark",
  "Blinking Cursor" : true,
  "Guid" : "818AEEB3-5102-40AE-A756-D4CC4353F3AC",
  "Idle Code" : 0,
  "Ansi 10 Color" : {
    "Red Component" : 0.24313725490196078,
    "Color Space" : "sRGB",
    "Blue Component" : 0.31372549019607843,
    "Alpha Component" : 1,
    "Green Component" : 0.98431372549019602
  },